{"cameraMode":{"drawMode":0,"name":"Shaded","section":"Shading Mode"},"sceneLighting":true,"audioPlay":false,"sceneViewState":{"m_AlwaysRefresh":false,"showFog":false,"showSkybox":true,"showFlares":true,"showImageEffects":true,"showParticleSystems":true,"showVisualEffectGraphs":true,"m_FxEnabled":true},"in2DMode":false,"pivot":{"x":0.32528048753738406,"y":19.09895896911621,"z":3.5407257080078127},"rotation":{"x":0.001025679288432002,"y":-0.9988900423049927,"z":0.039286039769649509,"w":0.026083525270223619},"size":56.66281509399414,"orthographic":false}