{"cameraMode":{"drawMode":0,"name":"Shaded","section":"Shading Mode"},"sceneLighting":true,"audioPlay":false,"sceneViewState":{"m_AlwaysRefresh":false,"showFog":false,"showSkybox":true,"showFlares":true,"showImageEffects":true,"showParticleSystems":true,"showVisualEffectGraphs":true,"m_FxEnabled":true},"in2DMode":false,"pivot":{"x":0.32528048753738406,"y":19.09895896911621,"z":3.5407257080078127},"rotation":{"x":-0.022890295833349229,"y":-0.6939185261726379,"z":0.022080274298787118,"w":-0.7193537950515747},"size":34.91555404663086,"orthographic":false}